"ID","Longitude","Latitude","Elevation","centroid","ID","Longitude","Latitude","GEOID"
1,-97519592,35472620,0.00,,,,,
765,-97519496,35469800,0.00,,,,,
2,-97519601,35472440,0.00,,,,,
455,-97517716,35471947,0.00,,,,,
3,-97521370,35419963,0.00,,,,,
365,-97521350,35417100,0.00,,,,,
4,-97521853,35377188,0.00,,,,,
633,-97524133,35377169,0.00,,,,,
5,-97512175,35363896,0.00,,,,,
617,-97512220,35367095,0.00,,,,,
10005,-97512176,35363896,0.00,,,,,
1023,-97512200,35365710,0.00,,,,,
6,-97512390,35377708,0.00,,,,,
695,-97512410,35380577,0.00,,,,,
7,-97521459,35439027,0.00,,,,,
629,-97521409,35435137,0.00,,,,,
8,-97520031,35472631,0.00,,,,,
10455,-97517716,35471946,0.00,,,,,
9,-97496368,35482416,0.00,,,,,
774,-97499005,35482423,0.00,,,,,
10,-97489594,35489548,0.00,,,,,
125,-97489652,35485821,0.00,,,,,
11,-97516317,35471757,0.00,,,,,
115,-97516444,35468856,0.00,,,,,
12,-97461201,35485859,0.00,,,,,
729,-97462284,35485858,0.00,,,,,
13,-97520231,35472341,0.00,,,,,
181,-97522957,35472074,0.00,,,,,
14,-97629732,35551100,0.00,,,,,
828,-97628122,35551290,0.00,,,,,
15,-97494374,35507208,0.00,,,,,
1069,-97494376,35502285,0.00,,,,,
16,-97600681,35536830,0.00,,,,,
831,-97596095,35536820,0.00,,,,,
17,-97574133,35536672,0.00,,,,,
189,-97569759,35536597,0.00,,,,,
18,-97547690,35492923,0.00,,,,,
171,-97547722,35488936,0.00,,,,,
19,-97547680,35494670,0.00,,,,,
817,-97547677,35498561,0.00,,,,,
20,-97547527,35525849,0.00,,,,,
190,-97547325,35529675,0.00,,,,,
21,-97575080,35536685,0.00,,,,,
1115,-97576839,35536707,0.00,,,,,
22,-97601450,35536830,0.00,,,,,
825,-97606297,35536820,0.00,,,,,
23,-97598065,35606150,0.00,,,,,
391,-97597850,35607894,0.00,,,,,
24,-97549531,35607577,0.00,,,,,
1090,-97549410,35605482,0.00,,,,,
25,-97531446,35579525,0.00,,,,,
404,-97531360,35576533,0.00,,,,,
26,-97534392,35500408,0.00,,,,,
1096,-97534175,35496122,0.00,,,,,
27,-97519788,35472372,0.00,,,,,
10027,-97519780,35472370,0.00,,,,,
1290,-97519272,35475581,0.00,,,,,
28,-97547780,35485697,0.00,,,,,
178,-97547810,35481702,0.00,,,,,
29,-97548015,35478700,0.00,,,,,
981,-97546770,35478720,0.00,,,,,
30,-97520038,35472489,0.00,,,,,
10765,-97519495,35469800,0.00,,,,,
31,-97547118,35479062,0.00,,,,,
806,-97547649,35481952,0.00,,,,,
32,-97547700,35486652,0.00,,,,,
1100,-97547718,35489341,0.00,,,,,
33,-97552806,35493310,0.00,,,,,
432,-97556803,35493192,0.00,,,,,
34,-97565664,35508101,0.00,,,,,
807,-97565582,35511822,0.00,,,,,
35,-97600746,35464144,0.00,,,,,
442,-97596446,35464121,0.00,,,,,
36,-97566082,35464190,0.00,,,,,
1343,-97565487,35469976,0.00,,,,,
37,-97566478,35464332,0.00,,,,,
1309,-97570485,35464506,0.00,,,,,
38,-97600437,35464407,0.00,,,,,
846,-97601715,35464409,0.00,,,,,
39,-97618992,35464038,0.00,,,,,
440,-97621771,35461364,0.00,,,,,
40,-97583380,35507677,0.00,,,,,
216,-97583370,35499539,0.00,,,,,
41,-97583144,35486020,0.00,,,,,
210,-97578619,35485990,0.00,,,,,
42,-97547567,35485960,0.00,,,,,
220,-97543098,35485970,0.00,,,,,
43,-97547890,35485960,0.00,,,,,
207,-97551335,35485948,0.00,,,,,
44,-97583354,35486181,0.00,,,,,
211,-97583351,35488210,0.00,,,,,
45,-97583456,35507820,0.00,,,,,
853,-97586948,35507810,0.00,,,,,
46,-97570963,35447994,0.00,,,,,
483,-97570518,35445421,0.00,,,,,
47,-97520231,35472521,0.00,,,,,
48,-97530257,35435250,0.00,,,,,
466,-97534935,35435231,0.00,,,,,
49,-97554610,35452429,0.00,,,,,
497,-97554610,35449436,0.00,,,,,
50,-97530110,35464583,0.00,,,,,
448,-97528418,35467860,0.00,,,,,
51,-97571138,35448086,0.00,,,,,
471,-97575505,35447500,0.00,,,,,
52,-97568781,35387440,0.00,,,,,
486,-97565572,35389835,0.00,,,,,
53,-97565158,35435126,0.00,,,,,
239,-97561133,35435131,0.00,,,,,
54,-97519770,35472631,0.00,,,,,
55,-97565549,35420188,0.00,,,,,
499,-97565540,35416738,0.00,,,,,
56,-97530095,35391967,0.00,,,,,
517,-97530110,35395498,0.00,,,,,
57,-97530210,35421399,0.00,,,,,
522,-97530220,35424875,0.00,,,,,
59,-97530217,35420675,0.00,,,,,
879,-97530200,35417754,0.00,,,,,
60,-97530711,35391750,0.00,,,,,
882,-97535504,35391700,0.00,,,,,
61,-97441300,35406490,0.00,,,,,
901,-97441297,35409490,0.00,,,,,
62,-97459553,35420807,0.00,,,,,
533,-97464706,35420820,0.00,,,,,
63,-97494942,35420830,0.00,,,,,
1199,-97499541,35420800,0.00,,,,,
64,-97495089,35449860,0.00,,,,,
906,-97499244,35449840,0.00,,,,,
65,-97519855,35472717,0.00,,,,,
1177,-97521251,35469336,0.00,,,,,
66,-97494646,35449039,0.00,,,,,
251,-97494699,35444786,0.00,,,,,
67,-97494453,35420830,0.00,,,,,
895,-97490065,35420758,0.00,,,,,
68,-97459175,35420576,0.00,,,,,
897,-97459186,35415155,0.00,,,,,
69,-97372120,35464050,0.00,,,,,
564,-97374187,35464059,0.00,,,,,
70,-97389102,35464056,0.00,,,,,
567,-97393474,35464070,0.00,,,,,
71,-97520213,35472680,0.00,,,,,
72,-97413394,35442309,0.00,,,,,
1284,-97410399,35441759,0.00,,,,,
73,-97405503,35449710,0.00,,,,,
556,-97401977,35449680,0.00,,,,,
74,-97547850,35377310,0.00,,,,,
272,-97547830,35379297,0.00,,,,,
75,-97547865,35391959,0.00,,,,,
917,-97547860,35392547,0.00,,,,,
76,-97547930,35421709,0.00,,,,,
925,-97547930,35424229,0.00,,,,,
77,-97544781,35454101,0.00,,,,,
543,-97539437,35456767,0.00,,,,,
78,-97514740,35565441,0.00,,,,,
293,-97514221,35557800,0.00,,,,,
79,-97503139,35522128,0.00,,,,,
296,-97503310,35518425,0.00,,,,,
80,-97504547,35495020,0.00,,,,,
1014,-97502134,35495020,0.00,,,,,
81,-97519718,35472868,0.00,,,,,
82,-97503034,35521420,0.00,,,,,
658,-97494210,35536260,0.00,,,,,
83,-97503334,35482557,0.00,,,,,
284,-97502626,35490141,0.00,,,,,
10083,-97503344,35482557,0.00,,,,,
1206,-97503033,35486601,0.00,,,,,
84,-97476304,35493124,0.00,,,,,
143,-97472691,35493128,0.00,,,,,
85,-97397893,35493465,0.00,,,,,
761,-97388612,35492814,0.00,,,,,
933,-97406813,35493187,0.00,,,,,
86,-97305192,35507648,0.00,,,,,
87,-97300641,35511310,0.00,,,,,
10087,-97300650,35511310,0.00,,,,,
649,-97303027,35511281,0.00,,,,,
88,-97476571,35493129,0.00,,,,,
1057,-97481420,35493136,0.00,,,,,
89,-97307059,35507640,0.00,,,,,
651,-97309438,35507629,0.00,,,,,
90,-97507887,35420909,0.00,,,,,
582,-97507878,35424492,0.00,,,,,
91,-97519631,35472161,0.00,,,,,
20765,-97519498,35469800,0.00,,,,,
92,-97476715,35492889,0.00,,,,,
124,-97476730,35491247,0.00,,,,,
93,-97476730,35478087,0.00,,,,,
953,-97476730,35475898,0.00,,,,,
94,-97476720,35478705,0.00,,,,,
1222,-97476720,35482554,0.00,,,,,
95,-97476710,35493259,0.00,,,,,
142,-97476701,35495043,0.00,,,,,
96,-97406269,35463621,0.00,,,,,
966,-97406204,35460295,0.00,,,,,
97,-97547847,35390851,0.00,,,,,
273,-97547851,35387185,0.00,,,,,
98,-97411879,35442494,0.00,,,,,
574,-97413634,35442510,0.00,,,,,
99,-97531698,35580130,0.00,,,,,
164,-97534392,35580090,0.00,,,,,
100,-97489469,35489850,0.00,,,,,
705,-97488168,35493162,0.00,,,,,
101,-97494178,35507726,0.00,,,,,
150,-97491475,35507713,0.00,,,,,
102,-97548241,35435014,0.00,,,,,
913,-97547921,35432483,0.00,,,,,
103,-97547943,35420504,0.00,,,,,
550,-97547930,35416679,0.00,,,,,
104,-97544966,35453877,0.00,,,,,
909,-97543880,35451551,0.00,,,,,
105,-97521173,35458070,0.00,,,,,
1026,-97521128,35460277,0.00,,,,,
106,-97601011,35493296,0.00,,,,,
1299,-97599155,35493300,0.00,,,,,
107,-97495434,35482292,0.00,,,,,
137,-97493054,35482463,0.00,,,,,
10107,-97495435,35482283,0.00,,,,,
1018,-97494548,35478239,0.00,,,,,
20107,-97495434,35482289,0.00,,,,,
1239,-97494511,35482497,0.00,,,,,
108,-97529602,35493260,0.00,,,,,
1294,-97528542,35493262,0.00,,,,,
109,-97565790,35493152,0.00,,,,,
986,-97572483,35493191,0.00,,,,,
110,-97601292,35493302,0.00,,,,,
343,-97604500,35493309,0.00,,,,,
111,-97619184,35478800,0.00,,,,,
762,-97622409,35478811,0.00,,,,,
112,-97481580,35231600,0.00,,,,,
1153,-97516386,35467765,0.00,,,,,
1375,-97474040,35218370,0.00,,,,,
113,-97505737,35489693,0.00,,,,,
1308,-97519390,35472441,0.00,,,,,
114,-97583755,35522284,0.00,,,,,
450,-97583420,35518478,0.00,,,,,
503,-97516426,35466310,0.00,,,,,
116,-97502674,35482357,0.00,,,,,
10116,-97502674,35482354,0.00,,,,,
130,-97498747,35482316,0.00,,,,,
117,-97600908,35478780,0.00,,,,,
600,-97597595,35478770,0.00,,,,,
118,-97529861,35478750,0.00,,,,,
606,-97526779,35478761,0.00,,,,,
119,-97519912,35472312,0.00,,,,,
120,-97530184,35478750,0.00,,,,,
609,-97533397,35478899,0.00,,,,,
121,-97601219,35478780,0.00,,,,,
354,-97605666,35478780,0.00,,,,,
122,-97517856,35472197,0.00,,,,,
10081,-97519710,35472868,0.00,,,,,
123,-97521372,35467867,0.00,,,,,
197,-97527460,35467853,0.00,,,,,
593,-97476730,35486032,0.00,,,,,
126,-97489098,35482065,0.00,,,,,
127,-97488020,35483054,0.00,,,,,
128,-97489833,35483185,0.00,,,,,
129,-97491606,35483197,0.00,,,,,
131,-97509071,35482369,0.00,,,,,
132,-97511332,35482368,0.00,,,,,
10132,-97511331,35482368,0.00,,,,,
133,-97514126,35477969,0.00,,,,,
148,-97514178,35482372,0.00,,,,,
775,-97514221,35474983,0.00,,,,,
134,-97513970,35481337,0.00,,,,,
136,-97511289,35482368,0.00,,,,,
135,-97514612,35482375,0.00,,,,,
10136,-97511287,35482368,0.00,,,,,
773,-97505573,35482389,0.00,,,,,
138,-97491172,35483073,0.00,,,,,
139,-97487788,35482872,0.00,,,,,
140,-97489209,35482066,0.00,,,,,
776,-97489517,35483409,0.00,,,,,
141,-97476699,35496839,0.00,,,,,
945,-97476690,35500591,0.00,,,,,
1051,-97468054,35493139,0.00,,,,,
144,-97450220,35493190,0.00,,,,,
1030,-97441637,35491144,0.00,,,,,
145,-97450721,35485802,0.00,,,,,
146,-97453189,35485803,0.00,,,,,
147,-97457169,35485803,0.00,,,,,
1060,-97515957,35482247,0.00,,,,,
149,-97496807,35493250,0.00,,,,,
610,-97507881,35493240,0.00,,,,,
731,-97487305,35507701,0.00,,,,,
151,-97485402,35507835,0.00,,,,,
777,-97485410,35512203,0.00,,,,,
152,-97485400,35508478,0.00,,,,,
780,-97487884,35507700,0.00,,,,,
153,-97485408,35514026,0.00,,,,,
156,-97485411,35515536,0.00,,,,,
154,-97485409,35516921,0.00,,,,,
389,-97485397,35520539,0.00,,,,,
155,-97485410,35517842,0.00,,,,,
390,-97485408,35513776,0.00,,,,,
157,-97494437,35496710,0.00,,,,,
1071,-97494472,35493065,0.00,,,,,
158,-97494471,35493271,0.00,,,,,
1061,-97494415,35498095,0.00,,,,,
159,-97521305,35439410,0.00,,,,,
1039,-97515214,35439415,0.00,,,,,
160,-97521251,35466611,0.00,,,,,
449,-97521260,35467978,0.00,,,,,
161,-97532521,35494177,0.00,,,,,
1097,-97531671,35493103,0.00,,,,,
162,-97531282,35487871,0.00,,,,,
406,-97530112,35485901,0.00,,,,,
163,-97531434,35550987,0.00,,,,,
801,-97529750,35544687,0.00,,,,,
416,-97541406,35580112,0.00,,,,,
165,-97531298,35567404,0.00,,,,,
166,-97531269,35564367,0.00,,,,,
167,-97531276,35562278,0.00,,,,,
1091,-97531260,35559283,0.00,,,,,
168,-97531295,35556539,0.00,,,,,
1300,-97531371,35553779,0.00,,,,,
169,-97529750,35544732,0.00,,,,,
409,-97531434,35551255,0.00,,,,,
170,-97543119,35474750,0.00,,,,,
680,-97540863,35474751,0.00,,,,,
172,-97561340,35493139,0.00,,,,,
433,-97565660,35493338,0.00,,,,,
173,-97565650,35498716,0.00,,,,,
1101,-97565646,35500529,0.00,,,,,
174,-97565650,35500270,0.00,,,,,
814,-97565650,35495759,0.00,,,,,
175,-97565670,35513805,0.00,,,,,
1107,-97565675,35509950,0.00,,,,,
176,-97565660,35521711,0.00,,,,,
813,-97565660,35518602,0.00,,,,,
177,-97565530,35417773,0.00,,,,,
1163,-97566079,35420670,0.00,,,,,
816,-97546895,35478563,0.00,,,,,
179,-97536928,35474770,0.00,,,,,
836,-97534323,35474507,0.00,,,,,
180,-97534502,35471830,0.00,,,,,
861,-97528510,35472197,0.00,,,,,
1278,-97525822,35472143,0.00,,,,,
182,-97547074,35511206,0.00,,,,,
193,-97547661,35508700,0.00,,,,,
183,-97547680,35522065,0.00,,,,,
381,-97547622,35519008,0.00,,,,,
184,-97565643,35536396,0.00,,,,,
811,-97567865,35532030,0.00,,,,,
185,-97579877,35536751,0.00,,,,,
385,-97583802,35536810,0.00,,,,,
186,-97588464,35536819,0.00,,,,,
1116,-97592235,35536820,0.00,,,,,
187,-97592020,35522296,0.00,,,,,
692,-97587692,35522287,0.00,,,,,
188,-97600958,35522340,0.00,,,,,
854,-97596568,35522318,0.00,,,,,
833,-97564235,35536532,0.00,,,,,
1111,-97547540,35534546,0.00,,,,,
191,-97547677,35524815,0.00,,,,,
192,-97547070,35513033,0.00,,,,,
194,-97547660,35506800,0.00,,,,,
1122,-97547660,35503813,0.00,,,,,
195,-97547662,35499354,0.00,,,,,
835,-97547680,35494585,0.00,,,,,
196,-97547820,35493338,0.00,,,,,
198,-97530626,35467868,0.00,,,,,
199,-97534734,35467857,0.00,,,,,
200,-97537004,35467856,0.00,,,,,
201,-97541548,35467828,0.00,,,,,
202,-97546138,35467806,0.00,,,,,
436,-97548381,35467811,0.00,,,,,
203,-97549791,35468924,0.00,,,,,
837,-97550816,35471605,0.00,,,,,
204,-97547247,35467816,0.00,,,,,
447,-97543254,35467818,0.00,,,,,
205,-97536043,35467857,0.00,,,,,
1468,-97531797,35467864,0.00,,,,,
206,-97541241,35485970,0.00,,,,,
1123,-97555160,35485929,0.00,,,,,
208,-97556473,35485921,0.00,,,,,
454,-97552015,35485941,0.00,,,,,
209,-97565466,35485880,0.00,,,,,
219,-97561176,35485891,0.00,,,,,
453,-97574326,35485958,0.00,,,,,
851,-97583351,35491346,0.00,,,,,
212,-97583370,35502157,0.00,,,,,
213,-97583390,35508732,0.00,,,,,
214,-97583430,35530458,0.00,,,,,
215,-97583421,35535424,0.00,,,,,
1274,-97579708,35536750,0.00,,,,,
1124,-97583370,35496698,0.00,,,,,
217,-97583350,35491141,0.00,,,,,
452,-97583360,35489015,0.00,,,,,
218,-97569909,35485917,0.00,,,,,
858,-97537717,35485981,0.00,,,,,
221,-97570512,35444857,0.00,,,,,
222,-97583400,35511170,0.00,,,,,
223,-97576418,35420705,0.00,,,,,
1161,-97573854,35420690,0.00,,,,,
224,-97581443,35444848,0.00,,,,,
876,-97578284,35446352,0.00,,,,,
225,-97575049,35447500,0.00,,,,,
226,-97514072,35439410,0.00,,,,,
579,-97511575,35439320,0.00,,,,,
1130,-97506840,35439672,0.00,,,,,
227,-97548425,35435201,0.00,,,,,
1280,-97556954,35435159,0.00,,,,,
228,-97538900,35435231,0.00,,,,,
229,-97532223,35435240,0.00,,,,,
524,-97529634,35435250,0.00,,,,,
230,-97530160,35435265,0.00,,,,,
10030,-97520030,35472450,0.00,,,,,
231,-97530150,35439589,0.00,,,,,
10230,-97530159,35435265,0.00,,,,,
507,-97530205,35430601,0.00,,,,,
232,-97530150,35442681,0.00,,,,,
766,-97529814,35462190,0.00,,,,,
233,-97525904,35464301,0.00,,,,,
265,-97530268,35464195,0.00,,,,,
863,-97530327,35464270,0.00,,,,,
234,-97565579,35400995,0.00,,,,,
235,-97565590,35398952,0.00,,,,,
236,-97565590,35395813,0.00,,,,,
502,-97565560,35393221,0.00,,,,,
237,-97565582,35391074,0.00,,,,,
868,-97565570,35388736,0.00,,,,,
238,-97565540,35414807,0.00,,,,,
485,-97554399,35435180,0.00,,,,,
491,-97554620,35435632,0.00,,,,,
240,-97552888,35452831,0.00,,,,,
872,-97547960,35453051,0.00,,,,,
241,-97530179,35409052,0.00,,,,,
242,-97530150,35405130,0.00,,,,,
1172,-97530139,35402324,0.00,,,,,
243,-97530109,35395221,0.00,,,,,
244,-97530108,35393515,0.00,,,,,
245,-97565584,35394551,0.00,,,,,
488,-97565590,35396307,0.00,,,,,
246,-97543753,35391100,0.00,,,,,
247,-97538834,35391100,0.00,,,,,
513,-97535143,35391096,0.00,,,,,
248,-97521397,35391707,0.00,,,,,
888,-97525533,35391710,0.00,,,,,
249,-97530122,35399625,0.00,,,,,
889,-97530140,35404370,0.00,,,,,
250,-97506810,35444005,0.00,,,,,
527,-97506800,35447972,0.00,,,,,
259,-97494734,35438908,0.00,,,,,
252,-97494749,35435469,0.00,,,,,
535,-97494738,35439221,0.00,,,,,
253,-97468427,35420810,0.00,,,,,
254,-97463139,35420800,0.00,,,,,
255,-97458741,35406270,0.00,,,,,
529,-97451266,35406269,0.00,,,,,
256,-97441912,35420815,0.00,,,,,
532,-97448790,35420770,0.00,,,,,
257,-97476268,35420840,0.00,,,,,
258,-97472826,35420820,0.00,,,,,
1132,-97497203,35435328,0.00,,,,,
260,-97503900,35449820,0.00,,,,,
261,-97506860,35449580,0.00,,,,,
262,-97506810,35444746,0.00,,,,,
1151,-97506833,35441405,0.00,,,,,
263,-97516144,35452274,0.00,,,,,
264,-97516177,35458250,0.00,,,,,
1281,-97516175,35461234,0.00,,,,,
495,-97533039,35461995,0.00,,,,,
266,-97549999,35435200,0.00,,,,,
277,-97547178,35435210,0.00,,,,,
267,-97547931,35409800,0.00,,,,,
551,-97547927,35406039,0.00,,,,,
268,-97547900,35402250,0.00,,,,,
269,-97547890,35398846,0.00,,,,,
270,-97547860,35393959,0.00,,,,,
271,-97547840,35382236,0.00,,,,,
553,-97547548,35379149,0.00,,,,,
539,-97547850,35383568,0.00,,,,,
274,-97547540,35536653,0.00,,,,,
379,-97547563,35533222,0.00,,,,,
275,-97547922,35425872,0.00,,,,,
542,-97547930,35428348,0.00,,,,,
276,-97547919,35433636,0.00,,,,,
1145,-97545544,35435220,0.00,,,,,
278,-97543510,35437446,0.00,,,,,
1288,-97543500,35440573,0.00,,,,,
279,-97543509,35442316,0.00,,,,,
910,-97543501,35440348,0.00,,,,,
280,-97543699,35449766,0.00,,,,,
281,-97532534,35462117,0.00,,,,,
282,-97502762,35480445,0.00,,,,,
283,-97503535,35485223,0.00,,,,,
20116,-97502679,35482354,0.00,,,,,
677,-97503496,35482210,0.00,,,,,
10284,-97502632,35490142,0.00,,,,,
655,-97502795,35497046,0.00,,,,,
285,-97503179,35500612,0.00,,,,,
656,-97503148,35504257,0.00,,,,,
286,-97502849,35479953,0.00,,,,,
670,-97502740,35478043,0.00,,,,,
287,-97503364,35504507,0.00,,,,,
300,-97503369,35503033,0.00,,,,,
288,-97503348,35510332,0.00,,,,,
299,-97503324,35507499,0.00,,,,,
289,-97503126,35511557,0.00,,,,,
298,-97503109,35515201,0.00,,,,,
290,-97495911,35560603,0.00,,,,,
291,-97496205,35565610,0.00,,,,,
664,-97501291,35565606,0.00,,,,,
292,-97510505,35565585,0.00,,,,,
10078,-97514740,35565450,0.00,,,,,
666,-97514210,35553923,0.00,,,,,
294,-97514295,35550987,0.00,,,,,
667,-97514266,35547634,0.00,,,,,
295,-97514309,35543817,0.00,,,,,
959,-97514466,35539110,0.00,,,,,
668,-97503306,35516433,0.00,,,,,
297,-97503104,35517952,0.00,,,,,
594,-97503380,35499441,0.00,,,,,
301,-97502480,35478483,0.00,,,,,
302,-97521158,35459945,0.00,,,,,
303,-97521172,35457872,0.00,,,,,
304,-97521180,35455148,0.00,,,,,
505,-97521210,35450976,0.00,,,,,
305,-97521441,35441416,0.00,,,,,
306,-97509026,35435381,0.00,,,,,
584,-97510263,35437449,0.00,,,,,
307,-97507878,35431407,0.00,,,,,
308,-97508052,35427217,0.00,,,,,
309,-97508060,35423277,0.00,,,,,
1180,-97507860,35420780,0.00,,,,,
310,-97521209,35451101,0.00,,,,,
698,-97521196,35453085,0.00,,,,,
311,-97514506,35471874,0.00,,,,,
672,-97516484,35471923,0.00,,,,,
312,-97483782,35471463,0.00,,,,,
954,-97486151,35471479,0.00,,,,,
313,-97476720,35488692,0.00,,,,,
1224,-97476729,35491472,0.00,,,,,
314,-97476701,35494859,0.00,,,,,
315,-97476701,35496643,0.00,,,,,
316,-97476690,35500808,0.00,,,,,
317,-97476578,35522331,0.00,,,,,
1066,-97476543,35524060,0.00,,,,,
318,-97476599,35520459,0.00,,,,,
10317,-97476579,35522331,0.00,,,,,
319,-97476712,35513598,0.00,,,,,
952,-97476720,35511445,0.00,,,,,
320,-97476740,35508687,0.00,,,,,
591,-97476690,35505409,0.00,,,,,
321,-97477601,35471500,0.00,,,,,
322,-97494719,35471490,0.00,,,,,
323,-97500903,35471615,0.00,,,,,
956,-97504484,35471830,0.00,,,,,
324,-97494483,35489705,0.00,,,,,
10324,-97494482,35489706,0.00,,,,,
325,-97494486,35491100,0.00,,,,,
1072,-97494489,35488920,0.00,,,,,
326,-97587658,35493310,0.00,,,,,
332,-97583383,35493330,0.00,,,,,
327,-97524200,35493300,0.00,,,,,
328,-97527200,35493270,0.00,,,,,
1046,-97530715,35493260,0.00,,,,,
329,-97542499,35493230,0.00,,,,,
985,-97545752,35493250,0.00,,,,,
330,-97569846,35493160,0.00,,,,,
815,-97565287,35493150,0.00,,,,,
331,-97579400,35493330,0.00,,,,,
988,-97583753,35493324,0.00,,,,,
10332,-97583370,35493553,0.00,,,,,
1003,-97578241,35493183,0.00,,,,,
333,-97610000,35493290,0.00,,,,,
334,-97612475,35493280,0.00,,,,,
341,-97615700,35493270,0.00,,,,,
335,-97617884,35493280,0.00,,,,,
1000,-97614343,35493280,0.00,,,,,
336,-97573830,35478690,0.00,,,,,
352,-97583455,35478770,0.00,,,,,
337,-97635717,35486103,0.00,,,,,
997,-97633173,35486070,0.00,,,,,
338,-97536927,35485988,0.00,,,,,
339,-97619413,35486033,0.00,,,,,
1242,-97623523,35486051,0.00,,,,,
340,-97619002,35489795,0.00,,,,,
1015,-97619031,35492790,0.00,,,,,
342,-97608400,35493290,0.00,,,,,
344,-97520935,35493240,0.00,,,,,
1011,-97515473,35493262,0.00,,,,,
345,-97596520,35493310,0.00,,,,,
346,-97590800,35493320,0.00,,,,,
347,-97553613,35493162,0.00,,,,,
348,-97551944,35493178,0.00,,,,,
652,-97546790,35493200,0.00,,,,,
349,-97531655,35493365,0.00,,,,,
784,-97532406,35494314,0.00,,,,,
350,-97510893,35493128,0.00,,,,,
1012,-97508660,35493110,0.00,,,,,
351,-97601080,35453760,0.00,,,,,
595,-97600338,35447945,0.00,,,,,
615,-97587924,35478750,0.00,,,,,
353,-97592359,35478760,0.00,,,,,
971,-97595116,35478761,0.00,,,,,
973,-97610124,35478790,0.00,,,,,
355,-97614648,35478781,0.00,,,,,
356,-97534309,35478761,0.00,,,,,
357,-97511883,35439410,0.00,,,,,
907,-97519939,35439400,0.00,,,,,
1037,-97516160,35439973,0.00,,,,,
358,-97521345,35431731,0.00,,,,,
699,-97521350,35430231,0.00,,,,,
359,-97521358,35428319,0.00,,,,,
626,-97521340,35432384,0.00,,,,,
360,-97521319,35401301,0.00,,,,,
702,-97521288,35398318,0.00,,,,,
361,-97521270,35382941,0.00,,,,,
362,-97521260,35379100,0.00,,,,,
363,-97529816,35363290,0.00,,,,,
1022,-97527663,35363290,0.00,,,,,
364,-97521350,35412192,0.00,,,,,
696,-97521360,35415766,0.00,,,,,
1273,-97521349,35411622,0.00,,,,,
366,-97521360,35424897,0.00,,,,,
367,-97636640,35478987,0.00,,,,,
996,-97636660,35482704,0.00,,,,,
368,-97609862,35493290,0.00,,,,,
1001,-97607706,35493291,0.00,,,,,
369,-97632462,35539137,0.00,,,,,
370,-97631857,35539731,0.00,,,,,
1119,-97629633,35541818,0.00,,,,,
371,-97631436,35546403,0.00,,,,,
372,-97630682,35549579,0.00,,,,,
10014,-97630080,35551100,0.00,,,,,
373,-97623989,35551154,0.00,,,,,
374,-97619020,35549239,0.00,,,,,
375,-97618999,35546632,0.00,,,,,
1120,-97618991,35543057,0.00,,,,,
376,-97618815,35536813,0.00,,,,,
830,-97614340,35536820,0.00,,,,,
377,-97611192,35536820,0.00,,,,,
378,-97605507,35536820,0.00,,,,,
380,-97547349,35529404,0.00,,,,,
834,-97547622,35517383,0.00,,,,,
382,-97547660,35502911,0.00,,,,,
818,-97547660,35505305,0.00,,,,,
383,-97547670,35507887,0.00,,,,,
1110,-97546871,35511488,0.00,,,,,
384,-97546890,35513185,0.00,,,,,
819,-97547537,35515037,0.00,,,,,
386,-97592310,35527617,0.00,,,,,
387,-97619126,35536813,0.00,,,,,
1118,-97624732,35536870,0.00,,,,,
388,-97629305,35536912,0.00,,,,,
827,-97632802,35537197,0.00,,,,,
1064,-97483261,35522242,0.00,,,,,
778,-97485409,35511149,0.00,,,,,
796,-97591943,35608986,0.00,,,,,
392,-97575942,35608659,0.00,,,,,
393,-97571878,35608620,0.00,,,,,
394,-97566991,35608591,0.00,,,,,
395,-97562547,35608570,0.00,,,,,
396,-97558181,35608559,0.00,,,,,
397,-97549380,35601776,0.00,,,,,
398,-97549360,35598238,0.00,,,,,
399,-97549418,35594486,0.00,,,,,
400,-97549339,35590690,0.00,,,,,
401,-97549300,35587304,0.00,,,,,
798,-97549355,35580497,0.00,,,,,
402,-97549074,35580070,0.00,,,,,
799,-97542140,35580120,0.00,,,,,
403,-97534102,35580090,0.00,,,,,
800,-97531338,35572791,0.00,,,,,
405,-97531310,35570217,0.00,,,,,
1126,-97530019,35484617,0.00,,,,,
407,-97521251,35469318,0.00,,,,,
10001,-97519591,35472611,0.00,,,,,
10407,-97521269,35469318,0.00,,,,,
20030,-97520040,35472454,0.00,,,,,
10054,-97519771,35472635,0.00,,,,,
10065,-97519858,35472716,0.00,,,,,
20407,-97521255,35469318,0.00,,,,,
408,-97534210,35497622,0.00,,,,,
1076,-97534209,35500688,0.00,,,,,
1086,-97531365,35554129,0.00,,,,,
410,-97531260,35558569,0.00,,,,,
411,-97531260,35560552,0.00,,,,,
787,-97531261,35563518,0.00,,,,,
412,-97531282,35566652,0.00,,,,,
413,-97531321,35570610,0.00,,,,,
414,-97531350,35574881,0.00,,,,,
415,-97531369,35578238,0.00,,,,,
417,-97549210,35580407,0.00,,,,,
418,-97549310,35584588,0.00,,,,,
788,-97549331,35590054,0.00,,,,,
419,-97549341,35592261,0.00,,,,,
420,-97549282,35594799,0.00,,,,,
422,-97549363,35598576,0.00,,,,,
421,-97549390,35602008,0.00,,,,,
1087,-97549420,35606242,0.00,,,,,
423,-97549402,35611725,0.00,,,,,
424,-97549747,35613480,0.00,,,,,
425,-97553945,35613500,0.00,,,,,
1293,-97562442,35613606,0.00,,,,,
426,-97585936,35610103,0.00,,,,,
793,-97592206,35610221,0.00,,,,,
427,-97602450,35604932,0.00,,,,,
1316,-97599896,35604977,0.00,,,,,
428,-97534502,35471830,0.00,,,,,
1348,-97539269,35470971,0.00,,,,,
429,-97537449,35474917,0.00,,,,,
430,-97541397,35474890,0.00,,,,,
431,-97543727,35474878,0.00,,,,,
805,-97545381,35475950,0.00,,,,,
434,-97565654,35519113,0.00,,,,,
435,-97565660,35522229,0.00,,,,,
809,-97565620,35523909,0.00,,,,,
437,-97575163,35464492,0.00,,,,,
438,-97583766,35464372,0.00,,,,,
838,-97588989,35464377,0.00,,,,,
439,-97598147,35464399,0.00,,,,,
1029,-97624471,35463031,0.00,,,,,
441,-97618309,35464171,0.00,,,,,
841,-97615074,35464164,0.00,,,,,
843,-97589000,35464098,0.00,,,,,
443,-97582976,35464098,0.00,,,,,
444,-97579494,35464094,0.00,,,,,
445,-97574140,35464085,0.00,,,,,
446,-97549766,35468517,0.00,,,,,
10448,-97528418,35467858,0.00,,,,,
845,-97525662,35467846,0.00,,,,,
10449,-97521257,35467978,0.00,,,,,
451,-97583384,35512156,0.00,,,,,
1031,-97516309,35472063,0.00,,,,,
1201,-97515970,35471912,0.00,,,,,
456,-97528603,35478890,0.00,,,,,
457,-97528892,35481377,0.00,,,,,
458,-97530424,35486000,0.00,,,,,
781,-97530067,35486163,0.00,,,,,
459,-97562809,35485890,0.00,,,,,
460,-97565853,35485876,0.00,,,,,
848,-97570289,35485927,0.00,,,,,
461,-97583370,35493464,0.00,,,,,
462,-97583362,35495268,0.00,,,,,
1312,-97583370,35498404,0.00,,,,,
463,-97583442,35527953,0.00,,,,,
464,-97519527,35468765,0.00,,,,,
10464,-97519524,35468765,0.00,,,,,
494,-97519537,35466362,0.00,,,,,
465,-97530145,35443287,0.00,,,,,
1169,-97530148,35439268,0.00,,,,,
467,-97539245,35435230,0.00,,,,,
468,-97543678,35435220,0.00,,,,,
912,-97545799,35435219,0.00,,,,,
469,-97565694,35439321,0.00,,,,,
470,-97570509,35439569,0.00,,,,,
472,-97578445,35446247,0.00,,,,,
682,-97581591,35444691,0.00,,,,,
473,-97574643,35420690,0.00,,,,,
474,-97576798,35420710,0.00,,,,,
475,-97581242,35420720,0.00,,,,,
1317,-97583292,35420892,0.00,,,,,
476,-97583310,35432793,0.00,,,,,
1165,-97579511,35435041,0.00,,,,,
477,-97583300,35422786,0.00,,,,,
478,-97583310,35426646,0.00,,,,,
479,-97583328,35428488,0.00,,,,,
480,-97583320,35444970,0.00,,,,,
683,-97583384,35448100,0.00,,,,,
481,-97583312,35429575,0.00,,,,,
482,-97583315,35427710,0.00,,,,,
684,-97583310,35425476,0.00,,,,,
686,-97570498,35441776,0.00,,,,,
484,-97554629,35438197,0.00,,,,,
487,-97565584,35391891,0.00,,,,,
10486,-97565573,35389835,0.00,,,,,
1173,-97562942,35391630,0.00,,,,,
489,-97565575,35399748,0.00,,,,,
1301,-97565560,35404112,0.00,,,,,
490,-97565550,35407820,0.00,,,,,
870,-97565543,35410813,0.00,,,,,
492,-97554610,35439552,0.00,,,,,
871,-97554620,35442530,0.00,,,,,
493,-97554610,35452387,0.00,,,,,
10494,-97519541,35466363,0.00,,,,,
525,-97519457,35464111,0.00,,,,,
764,-97521302,35464270,0.00,,,,,
908,-97539490,35456977,0.00,,,,,
496,-97548609,35452830,0.00,,,,,
1154,-97553076,35452830,0.00,,,,,
498,-97554628,35445366,0.00,,,,,
1155,-97554620,35442289,0.00,,,,,
500,-97565540,35412857,0.00,,,,,
867,-97565549,35409724,0.00,,,,,
501,-97565560,35405810,0.00,,,,,
1127,-97516171,35459973,0.00,,,,,
504,-97519688,35461088,0.00,,,,,
10504,-97519688,35461078,0.00,,,,,
768,-97526156,35461081,0.00,,,,,
506,-97526157,35435240,0.00,,,,,
1170,-97530230,35427725,0.00,,,,,
508,-97530131,35399349,0.00,,,,,
509,-97548147,35391746,0.00,,,,,
884,-97550983,35391685,0.00,,,,,
510,-97546220,35391709,0.00,,,,,
511,-97552908,35391750,0.00,,,,,
885,-97558579,35392818,0.00,,,,,
512,-97547524,35391036,0.00,,,,,
514,-97529722,35391044,0.00,,,,,
515,-97525066,35391110,0.00,,,,,
516,-97520896,35391067,0.00,,,,,
632,-97521240,35390937,0.00,,,,,
1176,-97515208,35391639,0.00,,,,,
518,-97530170,35406452,0.00,,,,,
519,-97525768,35410976,0.00,,,,,
520,-97530188,35414772,0.00,,,,,
521,-97530201,35418720,0.00,,,,,
523,-97530240,35428359,0.00,,,,,
890,-97530190,35431352,0.00,,,,,
1146,-97525824,35435240,0.00,,,,,
526,-97518150,35443777,0.00,,,,,
538,-97516150,35446672,0.00,,,,,
1129,-97516150,35441446,0.00,,,,,
528,-97506414,35449797,0.00,,,,,
894,-97501178,35449831,0.00,,,,,
900,-97443837,35406259,0.00,,,,,
530,-97441300,35414179,0.00,,,,,
531,-97441300,35418816,0.00,,,,,
903,-97452564,35420780,0.00,,,,,
674,-97468682,35420810,0.00,,,,,
534,-97473403,35420821,0.00,,,,,
1190,-97476960,35420712,0.00,,,,,
536,-97494694,35442765,0.00,,,,,
537,-97494698,35445144,0.00,,,,,
916,-97547848,35387411,0.00,,,,,
540,-97547840,35390439,0.00,,,,,
541,-97547920,35405422,0.00,,,,,
920,-97547930,35407253,0.00,,,,,
926,-97547930,35430009,0.00,,,,,
544,-97543907,35447809,0.00,,,,,
545,-97547930,35428883,0.00,,,,,
546,-97547928,35426410,0.00,,,,,
548,-97547930,35422406,0.00,,,,,
547,-97420192,35443545,0.00,,,,,
1303,-97415800,35440714,0.00,,,,,
549,-97423460,35445560,0.00,,,,,
914,-97547930,35412891,0.00,,,,,
552,-97414996,35442551,0.00,,,,,
915,-97545493,35377110,0.00,,,,,
554,-97406010,35442534,0.00,,,,,
555,-97406040,35447689,0.00,,,,,
557,-97396454,35449680,0.00,,,,,
558,-97391854,35449660,0.00,,,,,
559,-97388456,35449930,0.00,,,,,
560,-97388506,35453401,0.00,,,,,
561,-97388510,35455702,0.00,,,,,
562,-97388515,35458586,0.00,,,,,
563,-97388541,35461000,0.00,,,,,
740,-97388547,35464289,0.00,,,,,
565,-97377002,35464060,0.00,,,,,
1205,-97380992,35464070,0.00,,,,,
566,-97386186,35464053,0.00,,,,,
568,-97397986,35464080,0.00,,,,,
965,-97402177,35464080,0.00,,,,,
569,-97406120,35454640,0.00,,,,,
570,-97406080,35451433,0.00,,,,,
571,-97406050,35449547,0.00,,,,,
572,-97406040,35447439,0.00,,,,,
573,-97406040,35445536,0.00,,,,,
968,-97406016,35442086,0.00,,,,,
1311,-97415807,35442301,0.00,,,,,
575,-97416243,35440702,0.00,,,,,
576,-97420347,35443658,0.00,,,,,
577,-97423848,35445928,0.00,,,,,
11153,-97516389,35467764,0.00,,,,,
578,-97516217,35464405,0.00,,,,,
580,-97509077,35435102,0.00,,,,,
581,-97508040,35431166,0.00,,,,,
583,-97507878,35428468,0.00,,,,,
585,-97521452,35439914,0.00,,,,,
628,-97521439,35441631,0.00,,,,,
586,-97476610,35531698,0.00,,,,,
587,-97476627,35530153,0.00,,,,,
588,-97476681,35525582,0.00,,,,,
951,-97476690,35522184,0.00,,,,,
589,-97476699,35520202,0.00,,,,,
590,-97476693,35518022,0.00,,,,,
592,-97476681,35502728,0.00,,,,,
1229,-97476720,35482250,0.00,,,,,
10655,-97503790,35497060,0.00,,,,,
1141,-97596183,35447415,0.00,,,,,
596,-97601101,35457438,0.00,,,,,
1139,-97601030,35462578,0.00,,,,,
597,-97618716,35478800,0.00,,,,,
598,-97614304,35478781,0.00,,,,,
599,-97609845,35478790,0.00,,,,,
975,-97605388,35478780,0.00,,,,,
976,-97594938,35478760,0.00,,,,,
601,-97592037,35478760,0.00,,,,,
977,-97587034,35478750,0.00,,,,,
602,-97583501,35478673,0.00,,,,,
603,-97573541,35478411,0.00,,,,,
978,-97566579,35478610,0.00,,,,,
604,-97556510,35478663,0.00,,,,,
980,-97551983,35478690,0.00,,,,,
605,-97540787,35478746,0.00,,,,,
982,-97538758,35478724,0.00,,,,,
607,-97524082,35478781,0.00,,,,,
1292,-97521270,35478502,0.00,,,,,
608,-97516098,35478057,0.00,,,,,
1276,-97516208,35474920,0.00,,,,,
1253,-97536843,35478880,0.00,,,,,
1296,-97510105,35493250,0.00,,,,,
611,-97543479,35478870,0.00,,,,,
612,-97547926,35478700,0.00,,,,,
1254,-97550138,35478690,0.00,,,,,
613,-97556864,35478660,0.00,,,,,
1255,-97561510,35478630,0.00,,,,,
614,-97565959,35478604,0.00,,,,,
616,-97601220,35462202,0.00,,,,,
1140,-97601228,35458925,0.00,,,,,
1307,-97512286,35371481,0.00,,,,,
618,-97512459,35389573,0.00,,,,,
681,-97512774,35392320,0.00,,,,,
619,-97521260,35391920,0.00,,,,,
620,-97521262,35395036,0.00,,,,,
621,-97521280,35396772,0.00,,,,,
622,-97521311,35400809,0.00,,,,,
623,-97521321,35404642,0.00,,,,,
624,-97521330,35406305,0.00,,,,,
1025,-97521340,35410209,0.00,,,,,
625,-97521370,35421218,0.00,,,,,
627,-97521424,35435358,0.00,,,,,
630,-97521344,35427678,0.00,,,,,
700,-97521360,35425576,0.00,,,,,
631,-97521260,35394824,0.00,,,,,
1020,-97521260,35393305,0.00,,,,,
703,-97521251,35387908,0.00,,,,,
704,-97526742,35377160,0.00,,,,,
634,-97530135,35376924,0.00,,,,,
1021,-97530097,35373296,0.00,,,,,
635,-97530048,35368408,0.00,,,,,
636,-97530030,35366818,0.00,,,,,
637,-97520936,35363340,0.00,,,,,
638,-97516430,35363360,0.00,,,,,
20005,-97512170,35363510,0.00,,,,,
639,-97601124,35511760,0.00,,,,,
690,-97601170,35515627,0.00,,,,,
640,-97654240,35474922,0.00,,,,,
1048,-97654081,35478783,0.00,,,,,
641,-97654135,35464915,0.00,,,,,
642,-97654230,35471688,0.00,,,,,
643,-97649711,35478801,0.00,,,,,
644,-97644162,35478830,0.00,,,,,
1269,-97636170,35478870,0.00,,,,,
645,-97335451,35507521,0.00,,,,,
646,-97327667,35507556,0.00,,,,,
647,-97317936,35507581,0.00,,,,,
648,-97309095,35507631,0.00,,,,,
650,-97306881,35510226,0.00,,,,,
719,-97322328,35507580,0.00,,,,,
1007,-97543505,35493238,0.00,,,,,
653,-97504235,35471716,0.00,,,,,
942,-97500328,35471468,0.00,,,,,
1016,-97502552,35471874,0.00,,,,,
654,-97502479,35476191,0.00,,,,,
10654,-97502500,35476191,0.00,,,,,
20655,-97503313,35496780,0.00,,,,,
1013,-97504207,35490689,0.00,,,,,
657,-97503139,35507946,0.00,,,,,
659,-97494208,35539361,0.00,,,,,
660,-97494180,35540985,0.00,,,,,
958,-97494160,35546132,0.00,,,,,
661,-97494208,35551340,0.00,,,,,
662,-97495956,35554833,0.00,,,,,
663,-97495952,35556430,0.00,,,,,
665,-97506566,35565598,0.00,,,,,
669,-97503307,35514565,0.00,,,,,
671,-97502750,35475749,0.00,,,,,
10002,-97519602,35472409,0.00,,,,,
10672,-97516484,35471921,0.00,,,,,
10008,-97520031,35472626,0.00,,,,,
10071,-97520213,35472689,0.00,,,,,
673,-97503595,35482384,0.00,,,,,
675,-97521280,35472177,0.00,,,,,
676,-97534231,35507886,0.00,,,,,
1078,-97534230,35512738,0.00,,,,,
678,-97534440,35519456,0.00,,,,,
679,-97534440,35514444,0.00,,,,,
1094,-97534430,35509933,0.00,,,,,
887,-97514612,35392246,0.00,,,,,
862,-97595872,35447327,0.00,,,,,
1318,-97583300,35423010,0.00,,,,,
685,-97581084,35420720,0.00,,,,,
687,-97567625,35439329,0.00,,,,,
1144,-97565551,35438152,0.00,,,,,
688,-97601087,35452421,0.00,,,,,
1138,-97601080,35454966,0.00,,,,,
689,-97601153,35507989,0.00,,,,,
691,-97601170,35518450,0.00,,,,,
10188,-97600961,35522340,0.00,,,,,
855,-97583416,35522526,0.00,,,,,
693,-97592386,35507800,0.00,,,,,
694,-97597035,35507790,0.00,,,,,
1024,-97512424,35385857,0.00,,,,,
697,-97521361,35419062,0.00,,,,,
701,-97521329,35405241,0.00,,,,,
706,-97485299,35493154,0.00,,,,,
707,-97482053,35493139,0.00,,,,,
708,-97479807,35493127,0.00,,,,,
709,-97423956,35493158,0.00,,,,,
710,-97412851,35493181,0.00,,,,,
711,-97406354,35493180,0.00,,,,,
712,-97389011,35493120,0.00,,,,,
713,-97379734,35493173,0.00,,,,,
714,-97379766,35500902,0.00,,,,,
715,-97379787,35505076,0.00,,,,,
1210,-97379367,35507640,0.00,,,,,
716,-97376495,35507635,0.00,,,,,
717,-97370556,35507586,0.00,,,,,
1211,-97361585,35507516,0.00,,,,,
718,-97352788,35507470,0.00,,,,,
1212,-97348584,35507480,0.00,,,,,
720,-97326398,35507560,0.00,,,,,
721,-97335885,35507522,0.00,,,,,
928,-97339187,35507539,0.00,,,,,
722,-97353422,35507470,0.00,,,,,
723,-97364532,35507542,0.00,,,,,
724,-97370981,35507600,0.00,,,,,
725,-97377621,35507633,0.00,,,,,
726,-97379783,35506870,0.00,,,,,
727,-97379770,35501760,0.00,,,,,
929,-97379760,35494380,0.00,,,,,
728,-97521157,35493330,0.00,,,,,
1054,-97464962,35486002,0.00,,,,,
730,-97514191,35475880,0.00,,,,,
1297,-97514052,35479284,0.00,,,,,
732,-97370800,35478540,0.00,,,,,
749,-97370830,35473415,0.00,,,,,
10732,-97370803,35479054,0.00,,,,,
750,-97370810,35481121,0.00,,,,,
759,-97376586,35478551,0.00,,,,,
733,-97410397,35437720,0.00,,,,,
734,-97410383,35440463,0.00,,,,,
735,-97406375,35436685,0.00,,,,,
736,-97410390,35439356,0.00,,,,,
737,-97409950,35437536,0.00,,,,,
738,-97407837,35436711,0.00,,,,,
739,-97405902,35436897,0.00,,,,,
1204,-97406011,35439434,0.00,,,,,
741,-97388530,35466584,0.00,,,,,
742,-97388560,35471060,0.00,,,,,
743,-97388560,35474758,0.00,,,,,
744,-97388011,35478610,0.00,,,,,
745,-97384434,35478570,0.00,,,,,
746,-97382600,35478560,0.00,,,,,
747,-97378220,35478560,0.00,,,,,
748,-97375419,35478550,0.00,,,,,
964,-97370832,35471136,0.00,,,,,
751,-97370822,35485877,0.00,,,,,
938,-97370840,35489022,0.00,,,,,
752,-97371300,35493047,0.00,,,,,
753,-97376770,35493071,0.00,,,,,
754,-97379661,35493080,0.00,,,,,
755,-97375513,35493070,0.00,,,,,
756,-97370920,35492685,0.00,,,,,
757,-97370837,35487048,0.00,,,,,
758,-97370811,35481027,0.00,,,,,
930,-97380421,35478551,0.00,,,,,
760,-97388525,35478876,0.00,,,,,
1213,-97388600,35482379,0.00,,,,,
936,-97388610,35488454,0.00,,,,,
1256,-97625720,35478820,0.00,,,,,
763,-97632401,35478850,0.00,,,,,
1258,-97636904,35478867,0.00,,,,,
767,-97525490,35462200,0.00,,,,,
940,-97521110,35463413,0.00,,,,,
877,-97530112,35460745,0.00,,,,,
769,-97561344,35435130,0.00,,,,,
1041,-97565560,35435900,0.00,,,,,
1156,-97565698,35435120,0.00,,,,,
770,-97650364,35464420,0.00,,,,,
771,-97547943,35456438,0.00,,,,,
873,-97547432,35464190,0.00,,,,,
772,-97543986,35464220,0.00,,,,,
866,-97547951,35455855,0.00,,,,,
1050,-97489496,35485992,0.00,,,,,
779,-97491721,35507713,0.00,,,,,
782,-97531150,35490182,0.00,,,,,
783,-97531202,35492272,0.00,,,,,
785,-97529800,35535083,0.00,,,,,
1085,-97529807,35537122,0.00,,,,,
786,-97529760,35542329,0.00,,,,,
789,-97549381,35609788,0.00,,,,,
790,-97567345,35613667,0.00,,,,,
791,-97573859,35614958,0.00,,,,,
792,-97575032,35614917,0.00,,,,,
1088,-97577829,35609913,0.00,,,,,
794,-97600845,35610240,0.00,,,,,
795,-97602914,35606877,0.00,,,,,
797,-97580452,35608742,0.00,,,,,
802,-97529762,35540755,0.00,,,,,
803,-97529804,35535495,0.00,,,,,
1092,-97530077,35533144,0.00,,,,,
804,-97525595,35472137,0.00,,,,,
20027,-97519775,35472384,0.00,,,,,
10119,-97519901,35472313,0.00,,,,,
1275,-97519921,35472862,0.00,,,,,
808,-97565660,35515493,0.00,,,,,
810,-97565630,35529430,0.00,,,,,
812,-97570434,35532060,0.00,,,,,
857,-97574550,35531869,0.00,,,,,
1113,-97574544,35532548,0.00,,,,,
1005,-97561140,35493140,0.00,,,,,
1351,-97545565,35474592,0.00,,,,,
820,-97547629,35518403,0.00,,,,,
821,-97547568,35521020,0.00,,,,,
822,-97547700,35536818,0.00,,,,,
1112,-97552161,35536733,0.00,,,,,
823,-97558747,35536637,0.00,,,,,
824,-97592280,35535005,0.00,,,,,
826,-97609645,35536828,0.00,,,,,
1320,-97614786,35536820,0.00,,,,,
829,-97618990,35538626,0.00,,,,,
832,-97594171,35536820,0.00,,,,,
1121,-97558627,35536639,0.00,,,,,
1344,-97557626,35473882,0.00,,,,,
839,-97606395,35464422,0.00,,,,,
840,-97615586,35464436,0.00,,,,,
842,-97607439,35464152,0.00,,,,,
10842,-97607439,35464150,0.00,,,,,
974,-97601230,35464025,0.00,,,,,
844,-97554941,35472656,0.00,,,,,
847,-97559640,35485908,0.00,,,,,
849,-97574740,35485970,0.00,,,,,
850,-97578956,35485993,0.00,,,,,
852,-97583370,35501076,0.00,,,,,
856,-97583413,35525265,0.00,,,,,
1033,-97574550,35528630,0.00,,,,,
1125,-97532969,35485997,0.00,,,,,
859,-97529906,35482679,0.00,,,,,
860,-97528778,35478668,0.00,,,,,
1098,-97528790,35474183,0.00,,,,,
1137,-97598596,35447950,0.00,,,,,
864,-97535339,35464260,0.00,,,,,
865,-97539090,35464240,0.00,,,,,
10052,-97568790,35387440,0.00,,,,,
869,-97565560,35405712,0.00,,,,,
1168,-97554620,35448552,0.00,,,,,
874,-97540952,35464230,0.00,,,,,
875,-97537407,35464260,0.00,,,,,
878,-97530138,35455948,0.00,,,,,
880,-97530181,35413930,0.00,,,,,
881,-97530182,35411955,0.00,,,,,
883,-97540034,35391694,0.00,,,,,
1282,-97563826,35393916,0.00,,,,,
886,-97554121,35391309,0.00,,,,,
1175,-97550249,35391090,0.00,,,,,
10887,-97514615,35392243,0.00,,,,,
891,-97530177,35433321,0.00,,,,,
892,-97516160,35454838,0.00,,,,,
893,-97516159,35450862,0.00,,,,,
1128,-97516150,35446333,0.00,,,,,
1131,-97496932,35449850,0.00,,,,,
1182,-97489197,35419799,0.00,,,,,
896,-97489545,35420890,0.00,,,,,
905,-97491921,35420830,0.00,,,,,
898,-97459180,35411939,0.00,,,,,
899,-97459170,35408964,0.00,,,,,
10061,-97441300,35406481,0.00,,,,,
902,-97441298,35412108,0.00,,,,,
904,-97456276,35420780,0.00,,,,,
911,-97543510,35438241,0.00,,,,,
10074,-97547850,35377301,0.00,,,,,
918,-97547879,35395005,0.00,,,,,
919,-97547890,35399874,0.00,,,,,
921,-97547930,35411131,0.00,,,,,
922,-97547930,35415009,0.00,,,,,
923,-97547931,35417286,0.00,,,,,
924,-97547931,35419804,0.00,,,,,
927,-97543718,35446898,0.00,,,,,
931,-97383778,35478570,0.00,,,,,
932,-97388610,35488624,0.00,,,,,
1214,-97414084,35493181,0.00,,,,,
934,-97424358,35493250,0.00,,,,,
1215,-97433297,35493210,0.00,,,,,
935,-97468165,35493138,0.00,,,,,
1056,-97471823,35493126,0.00,,,,,
937,-97388600,35482835,0.00,,,,,
939,-97343359,35507520,0.00,,,,,
941,-97508741,35471797,0.00,,,,,
943,-97497228,35471490,0.00,,,,,
944,-97494375,35471488,0.00,,,,,
1216,-97490551,35471400,0.00,,,,,
1225,-97476685,35503075,0.00,,,,,
946,-97476659,35506525,0.00,,,,,
947,-97476613,35507809,0.00,,,,,
1315,-97476619,35511669,0.00,,,,,
948,-97476610,35514082,0.00,,,,,
949,-97476610,35516949,0.00,,,,,
950,-97481052,35527062,0.00,,,,,
1067,-97481056,35524693,0.00,,,,,
955,-97490529,35471510,0.00,,,,,
957,-97508991,35471800,0.00,,,,,
1207,-97512910,35536870,0.00,,,,,
960,-97509086,35536840,0.00,,,,,
961,-97506984,35536830,0.00,,,,,
962,-97502510,35536819,0.00,,,,,
963,-97494210,35536465,0.00,,,,,
1208,-97503391,35526149,0.00,,,,,
1285,-97370833,35466928,0.00,,,,,
967,-97406152,35456660,0.00,,,,,
969,-97522729,35478825,0.00,,,,,
1252,-97524348,35478779,0.00,,,,,
970,-97541245,35478879,0.00,,,,,
972,-97597895,35478770,0.00,,,,,
979,-97563379,35478620,0.00,,,,,
983,-97494475,35486052,0.00,,,,,
984,-97516000,35493274,0.00,,,,,
987,-97576911,35493295,0.00,,,,,
989,-97587914,35493310,0.00,,,,,
990,-97593952,35493310,0.00,,,,,
991,-97596764,35493310,0.00,,,,,
992,-97619000,35489455,0.00,,,,,
993,-97636640,35478558,0.00,,,,,
994,-97636636,35475486,0.00,,,,,
1248,-97636615,35471304,0.00,,,,,
995,-97640550,35464480,0.00,,,,,
998,-97629856,35486087,0.00,,,,,
999,-97624032,35486058,0.00,,,,,
1236,-97618990,35486239,0.00,,,,,
1002,-97604147,35493310,0.00,,,,,
1298,-97601546,35493306,0.00,,,,,
1004,-97574482,35493210,0.00,,,,,
1006,-97556338,35493142,0.00,,,,,
1008,-97539881,35493250,0.00,,,,,
1009,-97535378,35493250,0.00,,,,,
1010,-97532643,35493250,0.00,,,,,
1237,-97530986,35493260,0.00,,,,,
11071,-97494472,35493064,0.00,,,,,
1238,-97503809,35488010,0.00,,,,,
11014,-97502134,35495021,0.00,,,,,
1017,-97477248,35526066,0.00,,,,,
1019,-97521340,35407609,0.00,,,,,
1027,-97437790,35207140,0.00,,,,,
1353,-97438360,35207488,0.00,,,,,
11027,-97437329,35207490,0.00,,,,,
1358,-97447745,35221144,0.00,,,,,
1379,-97445615,35217757,0.00,,,,,
21027,-97437310,35207487,0.00,,,,,
1419,-97428820,35203850,0.00,,,,,
31027,-97444260,35206620,0.00,,,,,
1461,-97492370,35363280,0.00,,,,,
1028,-97446590,35219277,0.00,,,,,
11029,-97624480,35463031,0.00,,,,,
1231,-97629329,35461630,0.00,,,,,
11030,-97441637,35491134,0.00,,,,,
1053,-97442316,35487853,0.00,,,,,
21030,-97441638,35491134,0.00,,,,,
1209,-97438923,35490457,0.00,,,,,
11031,-97516307,35472063,0.00,,,,,
1032,-97516195,35475181,0.00,,,,,
1305,-97516123,35477291,0.00,,,,,
11033,-97574550,35528570,0.00,,,,,
1103,-97574591,35527204,0.00,,,,,
1034,-97534986,35526017,0.00,,,,,
1082,-97534709,35530307,0.00,,,,,
1035,-97535152,35526291,0.00,,,,,
1036,-97521053,35435220,0.00,,,,,
1147,-97515947,35435220,0.00,,,,,
1038,-97516358,35435220,0.00,,,,,
1040,-97521696,35435224,0.00,,,,,
1042,-97601062,35448584,0.00,,,,,
1043,-97485830,35406283,0.00,,,,,
1187,-97480109,35406280,0.00,,,,,
1044,-97486030,35406147,0.00,,,,,
1195,-97486038,35400706,0.00,,,,,
1045,-97467836,35536094,0.00,,,,,
1228,-97476740,35534441,0.00,,,,,
1289,-97536545,35493250,0.00,,,,,
1047,-97654378,35478576,0.00,,,,,
1262,-97654323,35473868,0.00,,,,,
1049,-97516069,35479193,0.00,,,,,
1352,-97461305,35493140,0.00,,,,,
1052,-97458425,35493157,0.00,,,,,
1055,-97464983,35489594,0.00,,,,,
1058,-97485688,35493154,0.00,,,,,
1059,-97489618,35493013,0.00,,,,,
1062,-97494384,35500668,0.00,,,,,
1063,-97494380,35504277,0.00,,,,,
1065,-97478834,35522229,0.00,,,,,
20317,-97476578,35522330,0.00,,,,,
11066,-97476540,35524060,0.00,,,,,
1226,-97476513,35525825,0.00,,,,,
1277,-97481249,35522235,0.00,,,,,
1068,-97485398,35521771,0.00,,,,,
1070,-97494395,35499435,0.00,,,,,
1073,-97494485,35485408,0.00,,,,,
10009,-97496368,35482415,0.00,,,,,
1074,-97528650,35472369,0.00,,,,,
1075,-97528628,35475497,0.00,,,,,
1077,-97534211,35504223,0.00,,,,,
1079,-97534220,35516182,0.00,,,,,
1080,-97534247,35518855,0.00,,,,,
1081,-97534290,35521458,0.00,,,,,
1083,-97531724,35533159,0.00,,,,,
1084,-97529770,35533288,0.00,,,,,
1089,-97582182,35610008,0.00,,,,,
1093,-97531656,35533161,0.00,,,,,
1095,-97534416,35505028,0.00,,,,,
1099,-97528990,35472216,0.00,,,,,
1286,-97530177,35474561,0.00,,,,,
1102,-97565650,35504076,0.00,,,,,
1104,-97574571,35523981,0.00,,,,,
1105,-97574324,35522137,0.00,,,,,
1106,-97568673,35522104,0.00,,,,,
1108,-97565671,35507276,0.00,,,,,
1109,-97565650,35503781,0.00,,,,,
1114,-97574540,35534710,0.00,,,,,
1117,-97597319,35536820,0.00,,,,,
1279,-97630324,35544340,0.00,,,,,
1133,-97501581,35435289,0.00,,,,,
1134,-97507113,35435268,0.00,,,,,
1135,-97509414,35435250,0.00,,,,,
1136,-97512680,35435230,0.00,,,,,
10846,-97601715,35464410,0.00,,,,,
1142,-97583310,35447972,0.00,,,,,
1143,-97583134,35444699,0.00,,,,,
1148,-97512292,35435232,0.00,,,,,
1149,-97508858,35435260,0.00,,,,,
1150,-97501303,35435291,0.00,,,,,
1152,-97507016,35439420,0.00,,,,,
1157,-97572833,35435185,0.00,,,,,
1158,-97574687,35435170,0.00,,,,,
1159,-97579898,35434890,0.00,,,,,
1160,-97583310,35432426,0.00,,,,,
1162,-97568655,35420677,0.00,,,,,
1164,-97569158,35420682,0.00,,,,,
1166,-97574131,35435170,0.00,,,,,
1167,-97567570,35435032,0.00,,,,,
1171,-97530212,35423633,0.00,,,,,
1287,-97530208,35421640,0.00,,,,,
1174,-97557989,35391640,0.00,,,,,
1178,-97521250,35466441,0.00,,,,,
1179,-97521110,35463162,0.00,,,,,
1181,-97503484,35420790,0.00,,,,,
1302,-97490728,35415653,0.00,,,,,
1183,-97494770,35406038,0.00,,,,,
1184,-97495349,35402515,0.00,,,,,
1185,-97493234,35398850,0.00,,,,,
1186,-97486036,35400893,0.00,,,,,
1188,-97476815,35406522,0.00,,,,,
1189,-97476950,35415914,0.00,,,,,
1191,-97476950,35415789,0.00,,,,,
1192,-97476940,35409874,0.00,,,,,
1193,-97477411,35406277,0.00,,,,,
1194,-97481276,35406280,0.00,,,,,
1283,-97492981,35398970,0.00,,,,,
1196,-97494587,35399319,0.00,,,,,
1197,-97493593,35405913,0.00,,,,,
1198,-97489677,35416669,0.00,,,,,
1200,-97505850,35420770,0.00,,,,,
1202,-97514192,35471867,0.00,,,,,
1203,-97511863,35471899,0.00,,,,,
31030,-97441630,35491680,0.00,,,,,
1217,-97486913,35471320,0.00,,,,,
1230,-97483877,35471310,0.00,,,,,
1218,-97482549,35471300,0.00,,,,,
1219,-97476730,35471529,0.00,,,,,
1220,-97476730,35474419,0.00,,,,,
1221,-97476730,35476076,0.00,,,,,
1223,-97476730,35486333,0.00,,,,,
1313,-97476417,35528027,0.00,,,,,
1227,-97476305,35535708,0.00,,,,,
11045,-97467853,35536092,0.00,,,,,
1304,-97476720,35480356,0.00,,,,,
1232,-97634993,35462767,0.00,,,,,
1233,-97636500,35464836,0.00,,,,,
1268,-97636915,35464490,0.00,,,,,
1234,-97636620,35470286,0.00,,,,,
1235,-97636633,35475359,0.00,,,,,
1319,-97636610,35471733,0.00,,,,,
1240,-97514142,35493235,0.00,,,,,
1241,-97539025,35493250,0.00,,,,,
1243,-97628004,35486072,0.00,,,,,
1244,-97631906,35486070,0.00,,,,,
1245,-97636666,35485875,0.00,,,,,
1246,-97636651,35484482,0.00,,,,,
1247,-97636660,35482400,0.00,,,,,
1249,-97636137,35464237,0.00,,,,,
1250,-97629023,35464200,0.00,,,,,
21029,-97624480,35463040,0.00,,,,,
1251,-97519311,35478250,0.00,,,,,
1291,-97527326,35478769,0.00,,,,,
1257,-97627832,35478830,0.00,,,,,
1259,-97642317,35478830,0.00,,,,,
1260,-97646642,35478820,0.00,,,,,
1261,-97650677,35478800,0.00,,,,,
1263,-97654310,35471232,0.00,,,,,
1306,-97654287,35466989,0.00,,,,,
1264,-97653307,35464156,0.00,,,,,
1265,-97650096,35464150,0.00,,,,,
1266,-97644161,35464161,0.00,,,,,
1267,-97641406,35464185,0.00,,,,,
1270,-97629678,35478830,0.00,,,,,
1271,-97623051,35478817,0.00,,,,,
1272,-97521262,35474964,0.00,,,,,
30027,-97519773,35472395,0.00,,,,,
11275,-97519923,35472862,0.00,,,,,
10502,-97565560,35393220,0.00,,,,,
10069,-97371650,35464049,0.00,,,,,
1310,-97543508,35442279,0.00,,,,,
1295,-97524026,35493240,0.00,,,,,
11308,-97519390,35472427,0.00,,,,,
1314,-97476408,35530838,0.00,,,,,
10023,-97598110,35606090,0.00,,,,,
1321,-97506086,35465662,0.00,,,,,
1322,-97509020,35464307,0.00,,,,,
1323,-97512232,35464312,0.00,,,,,
1324,-97514655,35464340,0.00,,,,,
1325,-97516821,35462400,0.00,,,,,
1326,-97519464,35466280,0.00,,,,,
11326,-97519483,35466316,0.00,,,,,
1327,-97519460,35468729,0.00,,,,,
1340,-97515745,35466391,0.00,,,,,
1328,-97519396,35471677,0.00,,,,,
1329,-97515907,35471857,0.00,,,,,
1330,-97514262,35472224,0.00,,,,,
1331,-97514138,35475958,0.00,,,,,
1332,-97513974,35480059,0.00,,,,,
1333,-97518990,35480028,0.00,,,,,
1334,-97522706,35479788,0.00,,,,,
1335,-97519323,35478206,0.00,,,,,
1336,-97516499,35478140,0.00,,,,,
1337,-97516236,35475288,0.00,,,,,
1338,-97516345,35472009,0.00,,,,,
1339,-97516455,35468990,0.00,,,,,
1341,-97512234,35466394,0.00,,,,,
1342,-97509588,35466408,0.00,,,,,
1465,-97558285,35473537,0.00,,,,,
1345,-97562329,35474681,0.00,,,,,
1346,-97565705,35469020,0.00,,,,,
1347,-97538591,35470974,0.00,,,,,
1349,-97545397,35471224,0.00,,,,,
1350,-97545597,35471608,0.00,,,,,
1354,-97441280,35210420,0.00,,,,,
11353,-97438348,35207490,0.00,,,,,
1460,-97445300,35203920,0.00,,,,,
1355,-97441276,35212379,0.00,,,,,
1433,-97427920,35211110,0.00,,,,,
1356,-97441262,35214121,0.00,,,,,
1357,-97444696,35216284,0.00,,,,,
1414,-97445492,35217558,0.00,,,,,
1359,-97451720,35218380,0.00,,,,,
1437,-97425472,35225677,0.00,,,,,
1360,-97457530,35218470,0.00,,,,,
1415,-97458990,35224030,0.00,,,,,
1466,-97473860,35218530,0.00,,,,,
1361,-97459010,35228150,0.00,,,,,
1362,-97459010,35231880,0.00,,,,,
1363,-97466190,35233030,0.00,,,,,
1450,-97459000,35237720,0.00,,,,,
1463,-97479991,35236625,0.00,,,,,
1364,-97480490,35234700,0.00,,,,,
1365,-97489951,35231494,0.00,,,,,
1366,-97486081,35229708,0.00,,,,,
1367,-97485880,35225590,0.00,,,,,
1410,-97486300,35221420,0.00,,,,,
1368,-97480013,35236657,0.00,,,,,
1369,-97490980,35221420,0.00,,,,,
11368,-97490980,35221420,0.00,,,,,
1422,-97494380,35224780,0.00,,,,,
11369,-97492700,35218310,0.00,,,,,
1406,-97476610,35218350,0.00,,,,,
1370,-97489311,35216378,0.00,,,,,
1371,-97484080,35211229,0.00,,,,,
1372,-97482474,35206024,0.00,,,,,
1373,-97476650,35205660,0.00,,,,,
1374,-97476630,35211920,0.00,,,,,
1398,-97467790,35207500,0.00,,,,,
1459,-97474690,35207550,0.00,,,,,
1416,-97476590,35217350,0.00,,,,,
1376,-97467450,35218450,0.00,,,,,
1377,-97457060,35218380,0.00,,,,,
1378,-97449600,35218370,0.00,,,,,
1407,-97446465,35219089,0.00,,,,,
1380,-97444508,35215982,0.00,,,,,
1412,-97443239,35214232,0.00,,,,,
1381,-97427890,35207470,0.00,,,,,
1382,-97431520,35207460,0.00,,,,,
1383,-97425711,35203844,0.00,,,,,
1417,-97418257,35203844,0.00,,,,,
1384,-97415913,35202151,0.00,,,,,
1418,-97420036,35204799,0.00,,,,,
1385,-97419663,35206824,0.00,,,,,
1386,-97418385,35209357,0.00,,,,,
1387,-97415473,35208870,0.00,,,,,
1388,-97412825,35213852,0.00,,,,,
1390,-97412330,35218340,0.00,,,,,
1389,-97411718,35217318,0.00,,,,,
11390,-97412360,35218340,0.00,,,,,
1391,-97415270,35218350,0.00,,,,,
1392,-97416950,35218350,0.00,,,,,
1393,-97421690,35218360,0.00,,,,,
1394,-97423671,35217937,0.00,,,,,
1436,-97423550,35219260,0.00,,,,,
1395,-97423623,35213969,0.00,,,,,
1396,-97423630,35207840,0.00,,,,,
1397,-97471330,35207550,0.00,,,,,
11398,-97467930,35207550,0.00,,,,,
1399,-97467780,35204740,0.00,,,,,
1421,-97465920,35203920,0.00,,,,,
1400,-97471228,35203929,0.00,,,,,
11373,-97476650,35205590,0.00,,,,,
1401,-97462960,35203920,0.00,,,,,
1408,-97458733,35203915,0.00,,,,,
1402,-97451510,35203890,0.00,,,,,
1420,-97445540,35203850,0.00,,,,,
1403,-97453830,35203900,0.00,,,,,
1404,-97458440,35203920,0.00,,,,,
1405,-97463880,35203920,0.00,,,,,
11406,-97492700,35218310,0.00,,,,,
1413,-97489721,35215866,0.00,,,,,
1409,-97440511,35207488,0.00,,,,,
1411,-97441280,35209460,0.00,,,,,
41027,-97437620,35207140,0.00,,,,,
11409,-97440511,35207489,0.00,,,,,
1430,-97494365,35231702,0.00,,,,,
1423,-97494404,35235062,0.00,,,,,
1424,-97494285,35249712,0.00,,,,,
1425,-97494307,35255259,0.00,,,,,
1431,-97492362,35259205,0.00,,,,,
1426,-97490830,35260480,0.00,,,,,
1432,-97480750,35261990,0.00,,,,,
1427,-97482111,35237746,0.00,,,,,
1428,-97480222,35243537,0.00,,,,,
1429,-97476700,35261570,0.00,,,,,
11426,-97490848,35260473,0.00,,,,,
1434,-97423624,35213246,0.00,,,,,
1435,-97420396,35215182,0.00,,,,,
1438,-97428570,35225630,0.00,,,,,
1453,-97433808,35224964,0.00,,,,,
1439,-97436961,35224716,0.00,,,,,
1440,-97437500,35231090,0.00,,,,,
1441,-97439477,35232864,0.00,,,,,
1464,-97441120,35228444,0.00,,,,,
1442,-97466050,35240940,0.00,,,,,
1443,-97461193,35246933,0.00,,,,,
1457,-97458760,35247430,0.00,,,,,
1444,-97450020,35241480,0.00,,,,,
1456,-97449976,35235791,0.00,,,,,
1445,-97444434,35229787,0.00,,,,,
1446,-97444431,35226495,0.00,,,,,
1447,-97443168,35223545,0.00,,,,,
1448,-97441480,35220885,0.00,,,,,
1449,-97440373,35219119,0.00,,,,,
1458,-97441270,35214490,0.00,,,,,
1452,-97461950,35238200,0.00,,,,,
1451,-97461978,35240269,0.00,,,,,
11442,-97465968,35240941,0.00,,,,,
1454,-97452670,35247420,0.00,,,,,
1455,-97450060,35246480,0.00,,,,,
1462,-97448249,35225486,0.00,,,,,
1467,-97452790,35225590,0.00,,,,,
41028,-97543504,35413473,0.00,2,2,-97543504,35413473,"40109107217"
41029,-97527186,35459968,0.00,3,3,-97527186,35459968,"40109103602"
41030,-97499034,35370300,0.00,4,4,-97499034,35370300,"40027202002"
41031,-97414925,35453015,0.00,8,8,-97414925,35453015,"40109107704"
41032,-97415039,35459352,0.00,9,9,-97415039,35459352,"40109107705"
41033,-97592224,35478879,0.00,11,11,-97592224,35478879,"40109105907"
41034,-97538787,35496888,0.00,13,13,-97538787,35496888,"40109101000"
41035,-97525781,35427999,0.00,14,14,-97525781,35427999,"40109105000"
41036,-97627833,35496960,0.00,15,15,-97627833,35496960,"40109106902"
41037,-97574511,35482323,0.00,16,16,-97574511,35482323,"40109102200"
41038,-97525618,35370229,0.00,19,19,-97525618,35370229,"40027202006"
41039,-97450647,35235522,0.00,20,20,-97450647,35235522,"40027200300"
41040,-97481038,35514964,0.00,21,21,-97481038,35514964,"40109105202"
41041,-97419338,35193551,0.00,23,23,-97419338,35193551,"40027201301"
41042,-97485778,35356035,0.00,28,28,-97485778,35356035,"40027202004"
41043,-97534635,35413486,0.00,29,29,-97534635,35413486,"40109107219"
41044,-97539003,35395476,0.00,30,30,-97539003,35395476,"40109107221"
41045,-97361981,35471275,0.00,31,31,-97361981,35471275,"40109108009"
41046,-97576486,35601749,0.00,33,33,-97576486,35601749,"40109108520"
41047,-97501904,35428043,0.00,34,34,-97501904,35428043,"40109104800"
41048,-97415123,35471369,0.00,35,35,-97415123,35471369,"40109108006"
41049,-97539070,35424288,0.00,40,40,-97539070,35424288,"40109107218"
41050,-97379741,35493084,0.00,41,41,-97379741,35493084,"40109108011"
41051,-97414812,35211098,0.00,42,42,-97414812,35211098,"40027200601"
41052,-97583290,35423934,0.00,44,44,-97583290,35423934,"40109107001"
41053,-97500954,35473735,0.00,50,50,-97500954,35473735,"40109103000"
41054,-97544936,35602118,0.00,54,54,-97544936,35602118,"40109108314"
41055,-97556526,35529993,0.00,55,55,-97556526,35529993,"40109106501"
41056,-97574520,35516710,0.00,57,57,-97574520,35516710,"40109106601"
41057,-97432447,35425403,0.00,59,59,-97432447,35425403,"40109107807"
41058,-97543433,35469623,0.00,61,61,-97543433,35469623,"40109103400"
41059,-97592302,35516758,0.00,62,62,-97592302,35516758,"40109106602"
41060,-97574536,35527963,0.00,63,63,-97574536,35527963,"40109106604"
41061,-97645493,35482440,0.00,69,69,-97645493,35482440,"40109106909"
41062,-97435108,35225613,0.00,70,70,-97435108,35225613,"40027200200"
41063,-97610052,35515040,0.00,71,71,-97610052,35515040,"40109106804"
41064,-97514173,35471236,0.00,74,74,-97514173,35471236,"40109109100"
41065,-97525792,35439888,0.00,76,76,-97525792,35439888,"40109104600"
41066,-97572197,35542074,0.00,77,77,-97572197,35542074,"40109106609"
41067,-97432711,35211858,0.00,78,78,-97432711,35211858,"40027200602"
41068,-97654072,35471480,0.00,80,80,-97654072,35471480,"40109106912"
41069,-97568491,35414494,0.00,81,81,-97568491,35414494,"40109107103"
41070,-97552594,35386086,0.00,82,82,-97552594,35386086,"40109107211"
41071,-97522845,35487807,0.00,83,83,-97522845,35487807,"40109101700"
41072,-97519277,35452841,0.00,84,84,-97519277,35452841,"40109104000"
41073,-97538919,35370213,0.00,86,86,-97538919,35370213,"40027201902"
41074,-97568191,35495043,0.00,93,93,-97568191,35495043,"40109100900"
41075,-97489897,35514983,0.00,95,95,-97489897,35514983,"40109105201"
41076,-97622922,35471521,0.00,96,96,-97622922,35471521,"40109106913"
41077,-97522619,35558351,0.00,97,97,-97522619,35558351,"40109106301"
41078,-97472277,35211164,0.00,99,99,-97472277,35211164,"40027201000"
41079,-97516714,35496897,0.00,100,100,-97516714,35496897,"40109101200"
41080,-97539043,35402581,0.00,101,101,-97539043,35402581,"40109107220"
41081,-97605601,35500536,0.00,102,102,-97605601,35500536,"40109106906"
41082,-97539010,35462532,0.00,103,103,-97539010,35462532,"40109103500"
41083,-97592247,35489682,0.00,105,105,-97592247,35489682,"40109105906"
41084,-97516826,35384601,0.00,106,106,-97516826,35384601,"40109107207"
41085,-97572524,35531485,0.00,107,107,-97572524,35531485,"40109106610"
41086,-97639646,35558389,0.00,108,108,-97639646,35558389,"40109108521"
41087,-97464395,35262107,0.00,109,109,-97464395,35262107,"40027201509"
41088,-97587889,35529548,0.00,111,111,-97587889,35529548,"40109106606"
41089,-97406333,35493108,0.00,113,113,-97406333,35493108,"40109108003"
41090,-97432439,35413510,0.00,114,114,-97432439,35413510,"40109107404"
41091,-97507341,35478649,0.00,116,116,-97507341,35478649,"40109102600"
41092,-97452177,35225675,0.00,117,117,-97452177,35225675,"40027200400"
41093,-97501153,35462804,0.00,118,118,-97501153,35462804,"40109103800"
41094,-97513919,35485678,0.00,121,121,-97513919,35485678,"40109101600"
41095,-97448226,35211385,0.00,122,122,-97448226,35211385,"40027200500"
41096,-97535849,35575726,0.00,123,123,-97535849,35575726,"40109108309"
41097,-97458954,35196672,0.00,124,124,-97458954,35196672,"40027201102"
41098,-97443585,35220785,0.00,125,125,-97443585,35220785,"40027200100"
41099,-97432524,35442468,0.00,126,126,-97432524,35442468,"40109107804"
41100,-97487182,35565627,0.00,127,127,-97487182,35565627,"40109108301"
41101,-97556519,35471435,0.00,130,130,-97556519,35471435,"40109105800"
41102,-97472292,35225641,0.00,131,131,-97472292,35225641,"40027200900"
41103,-97393593,35442443,0.00,132,132,-97393593,35442443,"40109107605"
41104,-97662896,35486013,0.00,137,137,-97662896,35486013,"40109106911"
41105,-97400483,35442148,0.00,138,138,-97400483,35442148,"40109107604"
41106,-97474444,35480925,0.00,139,139,-97474444,35480925,"40109102800"
41107,-97539860,35543967,0.00,141,141,-97539860,35543967,"40109106401"
41108,-97496490,35479538,0.00,142,142,-97496490,35479538,"40109102700"
41109,-97498775,35240141,0.00,144,144,-97498775,35240141,"40027201505"
41110,-97556652,35489582,0.00,145,145,-97556652,35489582,"40109102000"
41111,-97561190,35413430,0.00,148,148,-97561190,35413430,"40109107215"
41112,-97490033,35488134,0.00,150,150,-97490033,35488134,"40109101400"
41113,-97556597,35370125,0.00,151,151,-97556597,35370125,"40027201904"
41114,-97414832,35442459,0.00,156,156,-97414832,35442459,"40109107601"
41115,-97525734,35398854,0.00,157,157,-97525734,35398854,"40109107222"
41116,-97534619,35451415,0.00,159,159,-97534619,35451415,"40109104100"
41117,-97433352,35201225,0.00,160,160,-97433352,35201225,"40027201201"
41118,-97552381,35413453,0.00,161,161,-97552381,35413453,"40109107216"
41119,-97556716,35379758,0.00,163,163,-97556716,35379758,"40109107210"
41120,-97525431,35504146,0.00,164,164,-97525431,35504146,"40109100700"
41121,-97556743,35424227,0.00,166,166,-97556743,35424227,"40109105500"
41122,-97549205,35616096,0.00,168,168,-97549205,35616096,"40109108315"
41123,-97574509,35502408,0.00,169,169,-97574509,35502408,"40109105904"
41124,-97475175,35522137,0.00,170,170,-97475175,35522137,"40109106100"
41125,-97554550,35398843,0.00,171,171,-97554550,35398843,"40109107214"
41126,-97500955,35399040,0.00,172,172,-97500955,35399040,"40109107302"
41127,-97538810,35489620,0.00,173,173,-97538810,35489620,"40109101900"
41128,-97379691,35471310,0.00,176,176,-97379691,35471310,"40109108008"
41129,-97498765,35225630,0.00,180,180,-97498765,35225630,"40027201507"
41130,-97423516,35232872,0.00,182,182,-97423516,35232872,"40027200800"
41131,-97450259,35428006,0.00,185,185,-97450259,35428006,"40109107801"
41132,-97534626,35435135,0.00,186,186,-97534626,35435135,"40109104500"
41133,-97523094,35473506,0.00,190,190,-97523094,35473506,"40109103200"
41134,-97538686,35482362,0.00,194,194,-97538686,35482362,"40109102400"
41135,-97504203,35500735,0.00,198,198,-97504203,35500735,"40109100500"
41136,-97485597,35500433,0.00,199,199,-97485597,35500433,"40109100400"
41137,-97592287,35505265,0.00,200,200,-97592287,35505265,"40109105903"
41138,-97472397,35489509,0.00,201,201,-97472397,35489509,"40109101300"
41139,-97552374,35504261,0.00,206,206,-97552374,35504261,"40109100200"
41140,-97525492,35489620,0.00,207,207,-97525492,35489620,"40109101800"
41141,-97628565,35544057,0.00,208,208,-97628565,35544057,"40109106707"
41142,-97525470,35496889,0.00,211,211,-97525470,35496889,"40109101100"
41143,-97476984,35413552,0.00,215,215,-97476984,35413552,"40109107306"
41144,-97565368,35386718,0.00,217,217,-97565368,35386718,"40109107212"
41145,-97595700,35531954,0.00,219,219,-97595700,35531954,"40109106607"
41146,-97610085,35529557,0.00,222,222,-97610085,35529557,"40109106706"
41147,-97538948,35474603,0.00,224,224,-97538948,35474603,"40109103300"
41148,-97520323,35468141,0.00,225,225,-97520323,35468141,"40109103601"
41149,-97397515,35471323,0.00,227,227,-97397515,35471323,"40109108007"
41150,-97525783,35413485,0.00,230,230,-97525783,35413485,"40109107223"
41151,-97482983,35391763,0.00,231,231,-97482983,35391763,"40109107303"
41152,-97489589,35442546,0.00,237,237,-97489589,35442546,"40109105300"
41153,-97628712,35558338,0.00,239,239,-97628712,35558338,"40109108514"
41154,-97370836,35456805,0.00,248,248,-97370836,35456805,"40109107703"
41155,-97540381,35587349,0.00,254,254,-97540381,35587349,"40109108310"
41156,-97512073,35522536,0.00,256,256,-97512073,35522536,"40109105100"
41157,-97627801,35486079,0.00,259,259,-97627801,35486079,"40109106914"
41158,-97544896,35435109,0.00,260,260,-97544896,35435109,"40109104400"
41159,-97515068,35441830,0.00,261,261,-97515068,35441830,"40109104700"
41160,-97645466,35489703,0.00,264,264,-97645466,35489703,"40109106910"
41161,-97556749,35453063,0.00,269,269,-97556749,35453063,"40109105700"
41162,-97512294,35356078,0.00,272,272,-97512294,35356078,"40027202005"
41163,-97503884,35445687,0.00,273,273,-97503884,35445687,"40109103900"
41164,-97574512,35489619,0.00,274,274,-97574512,35489619,"40109102100"
41165,-97556330,35482292,0.00,275,275,-97556330,35482292,"40109102300"
41166,-97527155,35515104,0.00,276,276,-97527155,35515104,"40109100300"
41167,-97583351,35456982,0.00,278,278,-97583351,35456982,"40109107002"
41168,-97540279,35561236,0.00,279,279,-97540279,35561236,"40109106303"
41169,-97556614,35543818,0.00,280,280,-97556614,35543818,"40109106402"
41170,-97531922,35523869,0.00,283,283,-97531922,35523869,"40109100100"
41171,-97397319,35454558,0.00,286,286,-97397319,35454558,"40109107707"
41172,-97514082,35406119,0.00,287,287,-97514082,35406119,"40109107209"
41173,-97538760,35504152,0.00,293,293,-97538760,35504152,"40109100800"
41174,-97362032,35493061,0.00,294,294,-97362032,35493061,"40109108010"
41175,-97511986,35536705,0.00,298,298,-97511986,35536705,"40109106200"
41176,-97523016,35479798,0.00,300,300,-97523016,35479798,"40109102500"
41177,-97558248,35587440,0.00,301,301,-97558248,35587440,"40109108307"
41178,-97556285,35518773,0.00,302,302,-97556285,35518773,"40109106502"
41179,-97583410,35541596,0.00,306,306,-97583410,35541596,"40109106608"
41180,-97573314,35413436,0.00,307,307,-97573314,35413436,"40109107104"
41181,-97427985,35225612,0.00,310,310,-97427985,35225612,"40027200700"
41182,-97592266,35497527,0.00,312,312,-97592266,35497527,"40109105905"
41183,-97538985,35384303,0.00,317,317,-97538985,35384303,"40109107206"
41184,-97565650,35436775,0.00,319,319,-97565650,35436775,"40109104200"
41185,-97614542,35500516,0.00,321,321,-97614542,35500516,"40109106907"
41186,-97538805,35356037,0.00,323,323,-97538805,35356037,"40027201802"
41187,-97397367,35458669,0.00,326,326,-97397367,35458669,"40109107706"
41188,-97522609,35580078,0.00,327,327,-97522609,35580078,"40109106302"
41189,-97478401,35470208,0.00,330,330,-97478401,35470208,"40109102900"
41190,-97610097,35543104,0.00,331,331,-97610097,35543104,"40109106705"
41191,-97439741,35478703,0.00,334,334,-97439741,35478703,"40109107806"
41192,-97501398,35413521,0.00,336,336,-97501398,35413521,"40109105400"
41193,-97519125,35460924,0.00,340,340,-97519125,35460924,"40109103700"
41194,-97574451,35446673,0.00,341,341,-97574451,35446673,"40109105600"
41195,-97627836,35529631,0.00,342,342,-97627836,35529631,"40109106702"
41196,-97549928,35572887,0.00,343,343,-97549928,35572887,"40109108404"
41197,-97610074,35486041,0.00,344,344,-97610074,35486041,"40109106915"
41198,-97514698,35427991,0.00,345,345,-97514698,35427991,"40109104900"
41199,-97569086,35400019,0.00,350,350,-97569086,35400019,"40109107213"
41200,-97560521,35601633,0.00,351,351,-97560521,35601633,"40109108313"
41201,-97445514,35203868,0.00,352,352,-97445514,35203868,"40027201202"
41202,-97503438,35487775,0.00,353,353,-97503438,35487775,"40109101500"
41203,-97552461,35438892,0.00,354,354,-97552461,35438892,"40109104300"
41204,-97538701,35524119,0.00,358,358,-97538701,35524119,"40109106503"
41205,-97450244,35399042,0.00,360,360,-97450244,35399042,"40109107401"
41206,-97443491,35482300,0.00,362,362,-97443491,35482300,"40109107900"
